,time,height,hash,From,To,n_tx,Amount,script_hex,tx_hash,generationAddress,addr_tag_link,addr_tag,API,,time,height
1,1462970259,411300,000000000000000001a3079487a9b24c8169193c357b18bf5d5021f14cc3fa29,536870bc1q3qjkfhkmcvvz6gv98tf675xwdmxatcqc4qd3l3913,310061JCuWoTuPE9mUEToinfHmQrxe6QeFLVswM138,2097,100,03a446060479273357085000001f000c1188102f426974467572792f5345475749542f,ab435f92bfe11fb9c0a9ef125849dbba44d3dc3603e0304b8019f2669740489c,1DrK44np3gMKuvcGeFVv9Jk67zodP52eMu,NA,Bitfury,blockchain.info,1,1462970259,411300
2,1462971164,411302,000000000000000001a3079487a9b24c8169193c357b18bf5d5021f14cc3fa29,536870bc1q3qjkfhkmcvvz6gv98tf675xwdmxatcqc4qd3l3913,bc1q6cne3ypadts69z2etejyzy02lveqad2k4ukgmy,984,0.01131505,03a646060e00456c69676975730057332b0a01fabe6d6d1a1572d04ac9c212068b3082dc484a423f7b63b539092134a09b5aeadb496b250100000000000000002f737333362f006a000000f66c0000,76c0ba2825607a09fbfbd4a0b3c538e53076298b4a9b765f9fb0a4d600ad0252,Multiple,NA,NA,blockchain.info,2,1462971164,411302
3,1462971816,411303,000000000000000003c0675c2d0da7f046d9879eb5bfd9db21a75116d05b9378,bc1qt9s9scsc740ec36azpuft3rf45zaqk9u3x8kv6,bc1qgchdadn53xzhrynhyps4ykgvw7t72f73ngsh30,2344,0.34886185,03a7460604872d3357084ffff95700040413102f426974467572792f4249503130302f,94bcc9aa0e2d608a62ed38dbd60c355fdfb701cda845892b38dd0e29b5522ee1,1FeDtFhARLxjKUPPkQqEBL78tisenc9znS,NA,Bitfury,blockchain.info,3,1462971816,411303
4,1462973325,411304,000000000000000003c0675c2d0da7f046d9879eb5bfd9db21a75116d05b9378,bc1qt9s9scsc740ec36azpuft3rf45zaqk9u3x8kv6,bc1pyy0fdjzg73c4ny6c564fvhp8z9q3wvl8n22yksycqw55qqqkgj3qdxxpl7,3275,0.23000000,03a84606204d696e656420627920416e74506f6f6c20626a313220394a50f7205733338d01542f0000bd1d3200,b3f9d55963f5e98aa7f96fd9969e82df0f0650392d78b2bd44be028848487860,15urYnyeJe3gwbGJ74wcX89Tz7ZtsFDVew,NA,NA,blockchain.info,4,1462973325,411304
5,1462973352,411305,0000000000000000058715d099fb726e009154eafd78bd3aef4bb37f834ec11b,bc1qdfmqffh6um3ewlhpxsr08kueuftg8hmj9mdlyh,bc1qpz2uk7xtyqtv7m7t5hzetm0dhspuluuu9a78q8,1797,0.00199823,03a9460637e4b883e5bda9e7a59ee4bb99e9b1bcc4f881409e2141a02ccbbac5c05cb7617bc118d27acef10b9250fc8d3cefe69c04000000f09f909f0c4d696e656420627920616e74000000000000000000000000000000000000000000000000000000,5bf50571a8e0e57f07f821a3043ec6e3a765819b06e77d2af96523ab625ff570,1KFHE7w8BhaENAswwryaoccDb6qcT6DbYY,https://www.f2pool.com,Discus Fish (F2Pool),blockchain.info,5,1462973352,411305
6,1462974525,411306,0000000000000000055e5e9513116ef7dd6631ae3e0dbcc376e5890fb7ef2c28,bc1q5ua5fm59jn2n9mkfda06t3glkyeyevdys8vgrt,bc1qknd465v4t9sga3gtruvhhlxnmd5scl4g5jktem,2952,0.00737285,03aa46061f4d696e656420627920416e74506f6f6c20626a313220394a50f7205733383d0607000054fd2700,7d38194f6134d3abed7570699d54f2817c73648e682d7c9e91c8e7dfb32da76a,15urYnyeJe3gwbGJ74wcX89Tz7ZtsFDVew,NA,NA,blockchain.info,6,1462974525,411306
7,1462975983,411307,0000000000000000055e5e9513116ef7dd6631ae3e0dbcc376e5890fb7ef2c28,bc1q5ua5fm59jn2n9mkfda06t3glkyeyevdys8vgrt,37DijiryAUrSLcXzMktZ9z8a5DRB6oNvDi,3128,0.00737285,03ab46061b4b6e434d696e657242322d5032a502c1d3f994526e57333e470c95e201000065770f00,cbae445c3c9d08f60fdc2a7e3141bbcb728967bfc0fa00e792d0451652781843,1Mpce11eUTuP9mxyDixdFbJzPrdNEJkgB4,NA,NA,blockchain.info,7,1462975983,411307
8,1462976343,411308,0000000000000000055e5e9513116ef7dd6631ae3e0dbcc376e5890fb7ef2c28,bc1q5ua5fm59jn2n9mkfda06t3glkyeyevdys8vgrt,bc1qsnfhzahd4agy7h2t6pj5qyndezumm7r7pt38ue,2323,0.00099434,03ac46061f4d696e656420627920416e74506f6f6c20626a31342009af60582057333f57cd2b00001fac0700,8072495b2b3da517966f64550efafc6824ac6438aa2be2265c77adf2ba435441,15urYnyeJe3gwbGJ74wcX89Tz7ZtsFDVew,NA,NA,blockchain.info,8,1462976343,411308
9,1462976611,411309,000000000000000001ed04c49c21e8e7b62e57ace722ed8ff3e85d2d9d3709e4,bc1ql3cuh3vtw8y64q2cz8fsx93nt9f4660pa7388d,bc1qqecfw02323utadc8lfh4ljmzvxc2v5v5n2xc0p,1629,0.05548565,03ad4606000464403357045090310e085fc4f63b10c208000a425720537570706f727420384d200a666973686572206a696e78696e092f425720506f6f6c2f,9373b9bef6a1f6cc8eecfb6b715294b9ca8bf4add91f0360f92aa6936aaaf416,1BQLNJtMDKmMZ4PyqVFfRuBNvoGhjigBKF,NA,NA,blockchain.info,9,1462976611,411309
10,1462876611,411310,000000000000000001ee04c69c81e3e7h64e52ace514ed8hf3e85d2d9d3709e6,bc1ql3cuh3vtw8y64q2cz8fsx93nt9f4660pa7388d,1KGXvbYxeFHsqtV5vEQm7iWuea2T4pMdjj,,0.00710953,03a9460637e4b883e5bda9e7a59ee4bb99e9b1bcc4f881409e2141a02ccbbac5c05cb7617bc118d27acef10b9250fc8d3cefe69c04000000f09f909f0c4d696e656420627920616e74000000000000000000000000000000000000000000000000000000,98732w433b9bef6a1f6cc8eecgh3b3152614b9ca8bf4add91f0360f92aar936bbbf6fas4,15urYnyeJe3gwbGJ74wcX89Tz7ZtsFDVew,https://www.f2pool.com,Discus Fish (F2Pool),blockchain.info,10,1462876611,411310
